participant,credibility,crt,curiosity,religion,sciDenial,sciKnowledge
0C5G5IEYnMnBJtyz51,0,1,2.8,0,1,0.9090909090909091
0D56Y7EMnMnM926zp9,2.3333333333333335,0.9090909090909091,4.2,4.666666666666667,0.5,0.8181818181818182
0h5ltrpDnMnlhmlzaq,2.1666666666666665,0.36363636363636365,3,3,0.75,0.8181818181818182
0h5nUb9jnMnkOsqzpV,1,0.9090909090909091,2.7,1.3333333333333333,1,0.6363636363636364
0k5kd3hunMni3eWzwK,1.5,0.36363636363636365,3.8,2.3333333333333335,0.5,0.6363636363636364
0p5QBQeInMnOr3mzsS,0.8333333333333334,1,2.3,0.5,0.75,0.2727272727272727
0t5rdPABnMn7UlCzHn,3.5,0.6363636363636364,4.7,3,0.25,0.6363636363636364
0w5poD5InMnvHkgzRC,2,0.9090909090909091,2.5,0,1,0.9090909090909091
0y5CRSATnMncvu5zqX,0.16666666666666666,1,3.3,0,1,0.9090909090909091
135W5nCinMnCRebzKS,3.8333333333333335,0,4,3.8333333333333335,1,0.5454545454545454
145OD9HcnMngfp9zLg,3.1666666666666665,0.09090909090909091,2.8,3.3333333333333335,1,0.5454545454545454
185nFVe0nMndN0Wz16,2.5,0.5454545454545454,4.2,4.5,0.5,0.8181818181818182
1c5G66JQnMnkK0pzqX,3.1666666666666665,0.18181818181818182,4.2,3.8333333333333335,0.75,0.7272727272727273
1C5vVgelnMnBMxFzBC,3.5,0.2727272727272727,3.4,3.1666666666666665,0.75,0.45454545454545453
1g5apaDmnMngqtJzr4,0,0.8181818181818182,4.7,0.5,1,0.9090909090909091
1I5Du2h0nMnWq9oz0T,4.166666666666667,0.18181818181818182,3.5,4.166666666666667,0.25,0.6363636363636364
1N5NBYutnMndLFyzCd,3,0.5454545454545454,3.4,3.1666666666666665,0.75,0.5454545454545454
1O5sBvYhnMnhjhqzKW,1,0.7272727272727273,4.5,0,0.75,0.45454545454545453
1s5BfMYNnMnmAi2z3b,1.3333333333333333,0.7272727272727273,4.2,0.16666666666666666,1,0.9090909090909091
1V5Y15SlnMnYDCez3C,2,0.7272727272727273,3.7,0.6666666666666666,1,1
1w5jTtVBnMnmGBDzvN,0.8333333333333334,1,3.1,2.5,1,0.6363636363636364
1Y5VVyENnMn2UcCz8h,1.3333333333333333,0.9090909090909091,2.9,2.8333333333333335,0.75,0.8181818181818182
2258ErlfnMnTmyszFn,0,0.9090909090909091,4.7,1.5,1,0.8181818181818182
2A5uajP1nMnYUWnzmy,4,0.5454545454545454,3.5,5,0.5,0.7272727272727273
2D5PFIaRnMnpwNYzVr,3.5,0,3.7,3.6666666666666665,0.75,0.2727272727272727
2E56tjQRnMnJlm8zsP,3.3333333333333335,0.2727272727272727,3.5,3.5,0.75,0.45454545454545453
2G5SGCvTnMnj8FLzam,1.1666666666666667,0.8181818181818182,3.4,2.5,0.75,0.45454545454545453
2I52xMJ2nMnjPwfzyC,1.8333333333333333,0.6363636363636364,4.2,3,0.75,0.36363636363636365
2q5Ykj1dnMn6mpszFt,0.3333333333333333,0.8181818181818182,3.6,0,1,1
2R5ou4K4nMn5XMVziw,0.16666666666666666,0.9090909090909091,3.4,4.5,0.5,0.5454545454545454
2w5PeWP5nMns7RKzaM,0.3333333333333333,0.2727272727272727,2.2,2.5,1,0.2727272727272727
345FtSGHnMnpTEhz2u,2.6666666666666665,1,3,2.6666666666666665,0,0.6363636363636364
3G58N0dBnMnpI4KzWt,3,0.9090909090909091,3.1,4,0.25,0.7272727272727273
3K50E3otnMn3gclzat,2,0.9090909090909091,2.7,5,0.75,0.9090909090909091
3R5taeiNnMnoNXHzMp,1.1666666666666667,1,5,5,0.75,0.5454545454545454
3S54LKjOnMnR5OtzJG,1,0.5454545454545454,2.8,5,0.5,0.45454545454545453
3s5TonYhnMnAawUzLN,2,0.8181818181818182,4.4,5,0.75,0.6363636363636364
415QWFwAnMnvhSpzhk,2.5,0.6363636363636364,3.3,4.166666666666667,0.5,0.8181818181818182
4B59fa1JnMnDtQFzd8,3.3333333333333335,0.8181818181818182,3.4,4.666666666666667,0.25,0.45454545454545453
4d5kBijynMn2GnrzUM,4.666666666666667,0.7272727272727273,3.5,5,0.5,0.8181818181818182
4G58nHIjnMnJFoGz2M,3.6666666666666665,0.7272727272727273,3.3,0,0.5,0.36363636363636365
4K5iawxLnMnhN5BzpG,0.8333333333333334,0.9090909090909091,3.5,1.1666666666666667,0.75,0.8181818181818182
4k5oh3EGnMnkeFazWp,0.3333333333333333,1,3.8,3,1,0.9090909090909091
4Y5uPxVYnMnATu7zX3,1.1666666666666667,0.8181818181818182,3.3,2,1,0.8181818181818182
515gRhX8nMndQLRzP8,5,0,4.9,5,1,0.5454545454545454
535xotLInMnp414zOB,4,0.18181818181818182,3.6,3.6666666666666665,0.75,0.6363636363636364
545DOgm0nMnFgmuzU1,2,0.36363636363636365,2.1,2.5,0.5,0.6363636363636364
5G5JPfGVnMnudGdzY8,2.3333333333333335,0.9090909090909091,2.5,2.1666666666666665,0.25,0.18181818181818182
5l5t3mUjnMn6H6nz8s,1.6666666666666667,0.2727272727272727,2.3,0.8333333333333334,0.75,0.45454545454545453
5S5hVGqSnMnMJjezOW,2,0.36363636363636365,2.9,3.3333333333333335,0.5,0.6363636363636364
5v5oaB3hnMnwFqizWH,2.8333333333333335,0.18181818181818182,2.7,2.6666666666666665,0,0
5W540NEWnMnqSplzRB,2,0.9090909090909091,3,2.8333333333333335,0.5,0.8181818181818182
5Y5ndXf7nMnpN02zrP,3.3333333333333335,0.36363636363636365,3.3,2.8333333333333335,0.75,0.45454545454545453
6659Csv4nMnyqNKztM,0.6666666666666666,0.36363636363636365,4.3,3,0.5,0.6363636363636364
6h5kn3b6nMniS5rzwH,2.6666666666666665,0.9090909090909091,4.2,2.6666666666666665,0.75,0.9090909090909091
6k5Jcp2WnMnreAYzDq,1.5,0.45454545454545453,2.4,2,1,0.6363636363636364
6U5lmEI2nMnwjONzxG,2.1666666666666665,0.8181818181818182,2.9,4.833333333333333,0.25,0.8181818181818182
6v5haXQfnMn7tJazbn,0.5,0.9090909090909091,3.9,1.1666666666666667,1,0.7272727272727273
6W5brUEknMnwuMmzkF,1.1666666666666667,1,3,2,1,1
6Y5NKpGOnMnJ64lzaO,0.16666666666666666,0.2727272727272727,4.1,3,1,0.7272727272727273
7455YEM6nMnpG3Nzuf,0.3333333333333333,1,3.7,0.6666666666666666,1,0.9090909090909091
7e5JVa6KnMnHjwVzud,2.6666666666666665,0.45454545454545453,3.3,3.1666666666666665,0.75,0.6363636363636364
7O5TJMERnMnwdURzgi,1.3333333333333333,1,3.6,3.5,1,0.7272727272727273
7V5HrF2vnMnnECSzFd,2.1666666666666665,0.18181818181818182,3.1,4.5,1,0.9090909090909091
8d5KJiY4nMn4CI3zon,3.6666666666666665,0.45454545454545453,4.1,1.3333333333333333,0.5,0.6363636363636364
8F5qKuGvnMnsF6wzHc,2,0.8181818181818182,2.7,3,1,0.9090909090909091
8p538DrpnMnjpNUzwH,2,0.5454545454545454,3.6,3,0.75,0.7272727272727273
8P5dW2pBnMnk0SCzND,0,0.8181818181818182,3.8,3.8333333333333335,0.75,0.8181818181818182
8S56PR3knMnqJ6UzGn,1.8333333333333333,0.45454545454545453,3.6,3.1666666666666665,0.5,0.2727272727272727
8u5x9W1gnMn9qGvzmX,5,0.36363636363636365,2.7,5,0.5,0.6363636363636364
8x5a8RNOnMn1KWDzIS,1.5,0.9090909090909091,2.6,2.1666666666666665,0.75,0.7272727272727273
9f5Yc7asnMnUaN6zgr,1,0.5454545454545454,3.5,3.8333333333333335,0.75,0.6363636363636364
9O5YbY7enMnb9yPzlJ,4.166666666666667,0.8181818181818182,3.3,2.5,0.25,0.7272727272727273
9Q5sMWvxnMnHEG0zoO,1,1,4.4,0,0.75,0.9090909090909091
A05Ak5c2nMnR7Bvzfx,0,1,4.6,5,1,0.7272727272727273
a354FiKInMnUIHWzc8,3.1666666666666665,0.6363636363636364,3.5,2.6666666666666665,0.5,0.5454545454545454
A55SBlHbnMnFtlUzhl,2.3333333333333335,0.09090909090909091,3,5,0.25,0.7272727272727273
a75x2JCCnMnKf1IzXq,2,0.6363636363636364,2.9,4.333333333333333,0.75,0.6363636363636364
ab5IkQj3nMnCUJnzQB,0.8333333333333334,0.9090909090909091,3.6,0.5,1,1
ab5jQGGynMnoYMEz8N,1.8333333333333333,0.8181818181818182,3.5,2.3333333333333335,1,0.9090909090909091
ad5orQqdnMnCrp0zGY,2.1666666666666665,0.7272727272727273,3,2.6666666666666665,0.5,0.2727272727272727
aF5OuoNJnMnxRY3zPc,0.8333333333333334,1,4.7,0,1,1
AH52wTlYnMnp8mhzPO,2.8333333333333335,0.6363636363636364,3.2,5,0.5,1
AJ5Hq4xnnMn4in7ziI,1.3333333333333333,0.9090909090909091,2.9,2,1,1
aJ5uOtF2nMnFiGDzgk,2.1666666666666665,0.18181818181818182,0.9,1.6666666666666667,0.25,0.45454545454545453
AL5TnENdnMnR2gKz98,1,0.8181818181818182,4.4,3.6666666666666665,1,0.9090909090909091
aM5c3elvnMnfxkCzCo,0.6666666666666666,0.7272727272727273,3.1,1.1666666666666667,0.75,0.7272727272727273
an5ctWocnMnUbNnzQn,4.833333333333333,0.7272727272727273,1.8,5,0.25,0.5454545454545454
aO5VXWVunMnn2eqzRT,0.16666666666666666,0.9090909090909091,4.4,0,1,1
Ar5IBJNknMn4P9JzOX,1,0.2727272727272727,3.3,1.3333333333333333,1,0.6363636363636364
aS5m08TvnMneOR7zvn,2,0.6363636363636364,2.8,2,0.5,0.5454545454545454
at5Njej7nMnjgQmz6I,1.1666666666666667,0.2727272727272727,3,0,0.75,1
Au5Lyl9onMnSMnVzDT,0,0.09090909090909091,3.4,0.5,1,0.45454545454545453
AW5cNG2BnMnVlQMzHS,3.8333333333333335,0.09090909090909091,3.9,4.166666666666667,0.75,0.45454545454545453
B0555pkunMn0EkxzTd,1.5,0.2727272727272727,2.8,4,0.75,0.45454545454545453
b55cumnqnMnCEf1zXL,1.6666666666666667,0.36363636363636365,3.8,2.6666666666666665,0.75,1
B95MPJpQnMnl2TizjE,1,0.8181818181818182,3.1,4.333333333333333,0.5,0.36363636363636365
BF5dssQxnMnpKk9zyx,1.6666666666666667,0.45454545454545453,3.1,2.6666666666666665,1,0.9090909090909091
bg5OBv4YnMnq01lz02,2.5,0.9090909090909091,2.1,2.3333333333333335,0.5,0.5454545454545454
Bg5QXlfNnMn8hrMzAa,1.5,0.7272727272727273,4.9,5,0.75,0.8181818181818182
Bg5v4jIinMneahlz9X,1.3333333333333333,1,3.6,2.5,1,0.9090909090909091
Bj5ObjHQnMnUkJtz8W,3.8333333333333335,0.09090909090909091,4.1,4,0.5,0.5454545454545454
BK5kDUC4nMnoIHszIT,1,0.8181818181818182,4.1,1.5,1,0.8181818181818182
bl5n4LOinMnNyilzk1,2.6666666666666665,0.8181818181818182,3.1,5,0.5,0.6363636363636364
bm5mk4KvnMnuy0xzUR,3,1,3.4,4,0,0.6363636363636364
BO59mSOSnMnDnY1zlo,1,0.45454545454545453,3,3,0.75,0.6363636363636364
Bo5qmen8nMnBOWqzJE,4,0.5454545454545454,4.3,3,0.75,0.5454545454545454
Bo5TlbFtnMngDulzQ7,3.5,0.8181818181818182,5,5,0.25,0.36363636363636365
Bp5yvHLDnMnXiCXzl0,2.8333333333333335,0.6363636363636364,3.9,5,0.25,1
bq5uJXIdnMn3fWBz2o,0.8333333333333334,0.8181818181818182,4.2,0.5,1,0.9090909090909091
Br5FNCfpnMnbulAzVi,1.1666666666666667,0.8181818181818182,3.8,2.1666666666666665,0.75,0.5454545454545454
Bs5iytxknMnwqgCzpH,3.1666666666666665,0.8181818181818182,3.1,5,0,0.45454545454545453
BT52tvRKnMn1Yb3zPo,0,0.8181818181818182,4.6,0.16666666666666666,1,0.9090909090909091
BY5JE2eXnMnFwcIzuT,0.16666666666666666,0.9090909090909091,3.2,2.8333333333333335,0.75,0.5454545454545454
c35DBSRAnMnijfXzPJ,0,0.2727272727272727,3.9,3,1,0.6363636363636364
C85t7UASnMnlFGPzgr,0.6666666666666666,0.7272727272727273,3.3,0.3333333333333333,0.75,0.9090909090909091
C95rbvLNnMnn35dzfk,0.3333333333333333,0.7272727272727273,4.3,1.5,0.75,0.8181818181818182
cA5CeSWvnMnBIt6zx9,1,0.9090909090909091,4.4,0,0.75,0.9090909090909091
Ca5SYTd8nMnaJ1tzAN,2.5,0.18181818181818182,1.8,2.5,0.25,0.45454545454545453
CF5J6QafnMnT01gzGg,2,0.45454545454545453,2.6,3,0.5,0.6363636363636364
cf5NXw6rnMnYg7nzS2,2.6666666666666665,0.8181818181818182,3.9,2.8333333333333335,0,0.7272727272727273
Co5P3Y6knMnHw2dzle,0.5,1,4,0.6666666666666666,0.75,0.9090909090909091
cO5qasxYnMnLUx2zKH,0.8333333333333334,0.9090909090909091,4,0,0.75,0.5454545454545454
Cq5bWTHHnMnvT7PzC0,0.5,0.9090909090909091,4.9,4,0.5,0.9090909090909091
cr5I6OdvnMn1kHnzhp,0.5,1,3.1,0,0.75,0.9090909090909091
cV53ihmynMnLPeFzfS,2.5,1,1.6,5,0.25,0.9090909090909091
cV5hXFjQnMnxD0rzWy,2,0.45454545454545453,3.1,2.3333333333333335,0.25,0.9090909090909091
Cw5epF8dnMnEMUszdY,0,1,3.9,0.3333333333333333,0.75,0.8181818181818182
CX5QdbhNnMnKJgLz17,3,1,3,5,0.25,0.8181818181818182
CX5Yhb9wnMn1htczC3,3.3333333333333335,0.18181818181818182,3.6,3.5,1,0.36363636363636365
d45iiDalnMnicsEzWI,2.8333333333333335,0.18181818181818182,4,4.333333333333333,0.5,0.7272727272727273
D55eVcT7nMnGC1SzQN,0.16666666666666666,0.9090909090909091,3.9,3,0.75,1
dB5321mbnMnCnG4zjN,2.1666666666666665,0.9090909090909091,3.4,2.1666666666666665,0.75,0.7272727272727273
Dc5NdjR5nMnA1c3z1J,2.1666666666666665,0.6363636363636364,3.9,3.6666666666666665,0.75,0.9090909090909091
di5sY7aKnMnroi4zrp,1,0.45454545454545453,3.8,3.1666666666666665,0.75,0.36363636363636365
dJ5oCycBnMnsvimzQQ,2.5,0.8181818181818182,3,0.8333333333333334,1,0.6363636363636364
dl5pq0U3nMnoobYzTF,2.5,0.45454545454545453,1.7,4.5,1,0.45454545454545453
dm52nlTqnMnYAv5zq7,2,0.2727272727272727,2.4,3.3333333333333335,0.25,0.2727272727272727
dN5HE4ITnMnemi7zr1,2.1666666666666665,0.45454545454545453,2.9,5,0.25,0.5454545454545454
dP54U1bnnMnxq5YzWy,3.5,1,3.9,5,0.25,0.5454545454545454
DS5PMFmLnMnsoNtzVR,1.5,0.9090909090909091,1.7,3.5,0.75,0.7272727272727273
Du5bT7BvnMnyStezvn,2.1666666666666665,0.9090909090909091,3.8,0,0.75,0.9090909090909091
Dv5oj72wnMnlwsSzRU,0,0.8181818181818182,4.5,0,1,0.9090909090909091
dx5AcuGTnMnXql2zIh,2,0.36363636363636365,2.8,2.5,0.75,0.6363636363636364
DX5kLnY7nMn9lALzIg,2.6666666666666665,0.18181818181818182,2.9,3,1,0.5454545454545454
DX5lwRjHnMn7xjEzts,3.8333333333333335,0,3.6,3.5,0.5,0.2727272727272727
DY5IIg2gnMnjeDvzLu,3.6666666666666665,0.5454545454545454,4,3.5,1,0.45454545454545453
e45Y7q0xnMnDLwyziS,2,0.9090909090909091,4.3,2.8333333333333335,0.75,0.9090909090909091
E7595LienMnnPFNzuI,3.1666666666666665,0.5454545454545454,3,2.6666666666666665,0.25,0.5454545454545454
E75IoirinMnLhckz13,1.3333333333333333,0.7272727272727273,3.2,3.1666666666666665,0.75,0.5454545454545454
E95FaDGanMnP2CpzpB,0,0.36363636363636365,3.7,0,1,0.8181818181818182
EA5KOJhGnMn5mBizh8,1.5,0.5454545454545454,3.6,0,0.5,0.45454545454545453
eC5AYSEknMnoQKXzys,0,0,2.7,0.3333333333333333,0.5,0.36363636363636365
ED5u91GOnMnI8XdzaV,1.3333333333333333,1,3.5,2,1,1
eE5NF4tYnMnL4c2zI4,5,0.8181818181818182,5,0,1,0.8181818181818182
Ef5TdeeGnMnA2ePzSD,1.1666666666666667,0.7272727272727273,4.4,3.6666666666666665,0.75,0.7272727272727273
Eg5EyjCMnMnfbSXzTw,1.8333333333333333,0.36363636363636365,2.7,1.8333333333333333,0.75,0.36363636363636365
eg5pko7inMnIuDfzYe,0.8333333333333334,0.9090909090909091,4.3,4.5,0.75,0.6363636363636364
ei5t4W2tnMnF9LXzPQ,2.1666666666666665,0.8181818181818182,2.8,2.5,0.5,0.5454545454545454
ej5DrTD4nMnf02xzQH,0,1,2.8,0,1,1
ek5EV9l8nMnTg1IzNo,2.3333333333333335,0.36363636363636365,3.8,3.8333333333333335,0.5,0.45454545454545453
El5lnDmJnMn0h1EzNB,2,0.7272727272727273,3,3,0.5,0.7272727272727273
Ep5YCOFvnMnlmHtzS1,1.5,0.6363636363636364,2.7,2,0.75,0.36363636363636365
eS51tnpfnMn6bO9zO7,2,0.5454545454545454,2.9,3,0.5,1
eW5opEjpnMn8c7Bz7E,2.5,0.7272727272727273,4,3.6666666666666665,0,0.5454545454545454
EY5qKwfanMnv4oIz2L,2.1666666666666665,0.2727272727272727,3.9,1.5,1,1
f05ovfhunMn0OFgzXK,5,0.09090909090909091,3.7,2.5,0.25,0.36363636363636365
F25IWg6jnMnCowtzff,2,0.6363636363636364,4.2,4.5,0.5,0.7272727272727273
f35hgOLjnMnCgm5zGK,0,1,1.3,0.3333333333333333,1,1
f45T4jn3nMnPC30zwd,0.3333333333333333,0.9090909090909091,3.9,4.666666666666667,1,0.5454545454545454
f55IBqbSnMnjYQTzr0,0,0.8181818181818182,3.9,2,1,0.9090909090909091
F85EU3ronMnttJFzLr,3.6666666666666665,0.2727272727272727,3.6,3.5,0.25,0.45454545454545453
fC5HwWlJnMnpGj0z07,3.3333333333333335,0.18181818181818182,3.5,4.166666666666667,0.75,0.6363636363636364
Fd57mtfVnMnBihVzFU,3.1666666666666665,0.6363636363636364,3.6,3.8333333333333335,0.5,0.5454545454545454
Fe53RL8QnMnjLIWz4g,3.1666666666666665,0,3.1,3.6666666666666665,0.75,0.5454545454545454
Fe5jckVfnMnKC31zNu,3.6666666666666665,0.2727272727272727,3.8,5,0,0.7272727272727273
FG57epjbnMncmADz1X,4.5,0.18181818181818182,4.6,4.333333333333333,0.75,0.5454545454545454
fg5J8uvLnMnd5kszND,4.166666666666667,0.18181818181818182,4.1,3.1666666666666665,0.5,0.45454545454545453
fL55LFXynMnduQTzaW,3.5,0.5454545454545454,4,3,0.5,0.45454545454545453
FM5vWTi5nMnaPOLzbw,2.1666666666666665,1,1,0.5,0.75,0.7272727272727273
FP5o34iAnMnLiDPzBM,3,0.45454545454545453,4.3,4.833333333333333,0.25,0.7272727272727273
Fp5UA48bnMnrDBBzFM,1.5,0.7272727272727273,2.8,0.8333333333333334,0.75,0.9090909090909091
Fp5xIVSdnMnp0rdzSQ,4.5,0,4.2,4.333333333333333,0.75,0.7272727272727273
ft5iBP3qnMnkoHLzYm,0,0.18181818181818182,3.7,0,0.75,0.6363636363636364
fV5LWS2snMnh3sOzlU,0.5,0.9090909090909091,3.9,0,1,0.45454545454545453
fv5rvjbMnMnEq6fz4W,0.6666666666666666,0.9090909090909091,4.5,0,1,0.9090909090909091
g35CAlfJnMnQpcszIx,1.5,0.2727272727272727,3.1,3.8333333333333335,0.5,0.45454545454545453
GB50t6h9nMnSt3hzXJ,1,1,5,0,1,1
GD5jGmBlnMn0SnKzpu,1.1666666666666667,0.8181818181818182,4.1,0.16666666666666666,1,0.9090909090909091
gE5B1KO4nMn8JFKzg7,0,0.8181818181818182,2.5,4.166666666666667,0.5,0.7272727272727273
gG5trBVAnMnePKSzA8,3.1666666666666665,0.18181818181818182,3.8,3.6666666666666665,0.25,0.6363636363636364
Gg5TyEt4nMn1jCCzkV,4.5,0.8181818181818182,2.1,4.833333333333333,0.25,0.36363636363636365
gI5PUVaGnMnqwOVzEI,4.5,0.18181818181818182,4.5,4.5,1,0.7272727272727273
Gj5pl8oBnMnnK3sz9B,0.16666666666666666,1,5,2.8333333333333335,1,1
Gk5vmf8cnMnvm1GzGr,4.666666666666667,0.09090909090909091,2.8,4.666666666666667,1,0.2727272727272727
Gn572AaWnMnb8wnzeE,2.1666666666666665,0.2727272727272727,2.6,4.666666666666667,0.5,0.45454545454545453
Go5I288unMnidhEzae,0.8333333333333334,1,5,0,1,0.8181818181818182
go5KoPGtnMnxKMqzlo,0.8333333333333334,0.36363636363636365,3.7,0.8333333333333334,0.75,0.8181818181818182
gP50UjvGnMnVAo4zkr,2.1666666666666665,1,3.9,1,1,0.7272727272727273
gp5gy8AMnMn9bwxzCE,0.16666666666666666,0.7272727272727273,4.6,0,1,0.9090909090909091
GQ5YwgiSnMn3mbbz5Q,0.6666666666666666,0.6363636363636364,3.4,2,1,0.8181818181818182
Gr5RdijOnMn4OpAzEV,1.6666666666666667,0.8181818181818182,4.4,3.5,0.75,0.9090909090909091
GV5m0y1PnMnuym6zfE,2.1666666666666665,0.2727272727272727,2.2,1.1666666666666667,0.75,0.7272727272727273
h15nVgnCnMntB62zR8,1.6666666666666667,0.18181818181818182,1,0.8333333333333334,0.5,0.36363636363636365
H455xc1KnMno8qwzUD,2.6666666666666665,0.45454545454545453,4,4.166666666666667,0.75,0.36363636363636365
H65wBi26nMnS7UXzsp,2.1666666666666665,1,3.9,4,0.75,0.9090909090909091
Ha51jao6nMnsw5sz19,2.8333333333333335,0.5454545454545454,3.1,3.5,0.5,0.2727272727272727
hb5Oj6i1nMneARPzMv,0.6666666666666666,0.9090909090909091,4.6,3.6666666666666665,0.5,0.6363636363636364
hb5vg1G5nMnRUJTzYV,1,0.8181818181818182,2.3,4.166666666666667,0.5,0.18181818181818182
hD50tWhSnMn3dbYzDX,1,1,3.9,2,0.75,0.7272727272727273
hF5BxNP8nMncvKOzm6,1.8333333333333333,0.9090909090909091,3.1,3.6666666666666665,0.5,0.5454545454545454
hG5HR7I8nMnKmfLzeb,3,0.45454545454545453,2.2,4.5,1,0.45454545454545453
hh5jy2RdnMnRwrpz8X,2.3333333333333335,0.5454545454545454,2.2,2.6666666666666665,0.5,0.45454545454545453
hm53vG8SnMnoWg2z97,2.1666666666666665,0.6363636363636364,4.2,3,1,0.9090909090909091
Hm5HE2PRnMnx41lzNN,1.3333333333333333,1,3.6,0,0.75,0.9090909090909091
Hm5WJIxJnMntGoQz03,2,0.45454545454545453,5,5,0.75,0.09090909090909091
Hp5cHpdunMn9Qriz91,4.5,0,3.8,4.166666666666667,0.75,0.6363636363636364
HP5DQbYinMnWIvhz53,2,0.36363636363636365,2.6,3,0.5,0.2727272727272727
Hq5EBt6qnMnxVQVzCh,0.3333333333333333,0.8181818181818182,5,1.3333333333333333,1,0.8181818181818182
HT5aiJEbnMnHSOFzxh,5,0.18181818181818182,5,5,0,0.2727272727272727
ht5OvMXEnMnUKapzr1,0.6666666666666666,0.6363636363636364,3.7,3,0.75,0.7272727272727273
hu59bHjinMnD7Bpztv,2.6666666666666665,0.8181818181818182,2.1,3.3333333333333335,0.5,0.9090909090909091
hU5OyI81nMn4qDczLj,2.8333333333333335,0.2727272727272727,3.1,4,0.75,0.6363636363636364
hw5V7gOVnMnlebnz0N,0.6666666666666666,0.7272727272727273,2.9,2,1,0.9090909090909091
hY5yTQUTnMngttszDS,2.1666666666666665,0.6363636363636364,2.7,3.6666666666666665,0.5,1
I65DLueGnMniT5Pz7s,1.5,0.9090909090909091,4.6,3.1666666666666665,1,0.9090909090909091
i75cVPiYnMnNh15z3q,0.8333333333333334,0.2727272727272727,3.7,0,1,0.5454545454545454
Ia5VC8BFnMnk6HtzLn,0.8333333333333334,0.5454545454545454,2.8,0.16666666666666666,0.75,0.18181818181818182
id5lHapTnMn5yrjznc,2.6666666666666665,0.6363636363636364,4,0.5,0.75,0.8181818181818182
If5NeJSnnMnChFwzv7,0.16666666666666666,0.2727272727272727,3.7,3.6666666666666665,0.75,0.9090909090909091
IJ5voklDnMn3BVEzLi,1.8333333333333333,0.45454545454545453,3,2.1666666666666665,1,0.8181818181818182
iX5bN9MlnMnaRtMzSj,0.3333333333333333,0.45454545454545453,4,5,0.5,0.2727272727272727
iy52DgucnMnqT7vzO6,2.8333333333333335,1,2.9,2.1666666666666665,0.25,0.6363636363636364
iy59h7qonMnNpjbzFu,3.5,0.9090909090909091,3.9,1.8333333333333333,0.75,0.8181818181818182
j95MhXRqnMne5Qyzfq,4.5,1,2.3,1.5,0.25,0.8181818181818182
Jb5KnK5pnMnxu8Mzwy,3.5,0.45454545454545453,2.8,3.5,0.25,0.36363636363636365
JC5n48RcnMnpMe4zfB,0.16666666666666666,0.7272727272727273,3.4,1.6666666666666667,0.75,0.45454545454545453
JD5n5cyanMnva9izcy,0,0.18181818181818182,3.3,2,0.75,0.5454545454545454
Je5lmTN3nMnJbX7zhS,2.1666666666666665,0.36363636363636365,2.7,2.8333333333333335,0.5,0.5454545454545454
jg5nBvJmnMnD5JUzQc,0.5,0.5454545454545454,4.5,2.1666666666666665,1,0.6363636363636364
jI5UYwSenMn6nyazwn,1,0.9090909090909091,3,1,1,0.7272727272727273
Jl5CtxwtnMnpVOtznp,0,1,2.7,0,1,0.9090909090909091
jo5dgIHonMnxjWDzw7,0.8333333333333334,0.8181818181818182,3.5,2.1666666666666665,1,1
Jq5rPGeonMnP1QqzJ4,3.5,0.18181818181818182,3.2,4.166666666666667,0.25,0.6363636363636364
Jr5Aat4hnMnipq6zSS,0,0.7272727272727273,5,0,1,0.9090909090909091
JU5nWk7unMnlK2CzkC,1.1666666666666667,0.9090909090909091,2.3,2.3333333333333335,1,0.7272727272727273
jW5NTnTSnMngHQKzpa,2.1666666666666665,0.6363636363636364,3,3.3333333333333335,0.25,0.36363636363636365
Jx5W2X9PnMnvEVTzBF,1.8333333333333333,0.8181818181818182,3.6,4,0.5,0.9090909090909091
jY5a7WownMnt82oz4M,1,0.2727272727272727,3.5,0,0.75,0.8181818181818182
jy5niIvFnMnIkckzID,1.1666666666666667,1,2.3,3,1,0.7272727272727273
K05uNXS4nMn5VL6zGP,0,0.45454545454545453,5,5,1,0.9090909090909091
K25DQQ1JnMnei67zqy,1.3333333333333333,0.09090909090909091,3,5,0.25,0.7272727272727273
k95a4esAnMnFiFczge,1.6666666666666667,0.7272727272727273,2.7,1.1666666666666667,1,1
K95cWOoCnMn0H2Yzdx,1,0.09090909090909091,5,4.666666666666667,0.75,0.6363636363636364
Kf5UMTfQnMnXt90zIa,0.8333333333333334,0.6363636363636364,3.4,3,0.25,0.7272727272727273
Kj53kyucnMnhSCOzhO,3.8333333333333335,0.5454545454545454,3.9,2.5,0.75,0.45454545454545453
kj5deirAnMne7K1zrB,1.6666666666666667,0.8181818181818182,3.2,5,0.75,0.5454545454545454
kk5xuQBrnMnF6qtzku,2,0.18181818181818182,2.2,3.5,1,0.9090909090909091
kq5B6J7RnMnaCyuzad,0.16666666666666666,0.8181818181818182,4.8,3,1,1
KQ5Ju44HnMnEbA7zRb,1,0.9090909090909091,3,1,0.5,0.09090909090909091
KQ5vm5IQnMndC1xz3a,2.1666666666666665,0.18181818181818182,3.9,5,0.5,0.7272727272727273
Kr5MX4senMn0DTxztO,2.6666666666666665,0.09090909090909091,3.2,3.3333333333333335,0.75,0.36363636363636365
KS51ClgRnMnsvb9zVJ,4.166666666666667,0.5454545454545454,2.8,3,0.25,0.6363636363636364
kV5w8MjGnMnuTgQzfA,1.6666666666666667,0.8181818181818182,2.2,2,0.25,0.7272727272727273
kx5sQUUDnMn2auNztA,3.1666666666666665,0.18181818181818182,2.7,3,0.25,0.2727272727272727
ky5DTUkvnMnKFxGz29,0,0.9090909090909091,4.3,3.5,1,0.9090909090909091
L35YbKK4nMnvT0Lz6c,1.5,0.8181818181818182,4.2,4,0.75,0.8181818181818182
L45gm3J2nMn1eFlz8y,1.1666666666666667,0.5454545454545454,0.9,0.5,1,0.9090909090909091
l75jUYOUnMndRMczyr,0,0.6363636363636364,4.3,3.8333333333333335,0,0.9090909090909091
lA5A3MoEnMnWTDuzOM,0,1,4.9,0,0.75,0.7272727272727273
LB5eC9brnMnbObLzPB,0,0.6363636363636364,3.9,0,0.75,0.8181818181818182
lc5YiQ69nMnHLijzb3,4.166666666666667,0,4.2,4.333333333333333,0.75,0.5454545454545454
LE5rRlndnMnA7T6zDR,0.6666666666666666,0.36363636363636365,2.9,1.1666666666666667,1,0.8181818181818182
LF55KmlMnMnUv0MzIL,1.1666666666666667,0.45454545454545453,3,1.1666666666666667,1,0.8181818181818182
lj5kgLndnMnqbHmzgf,0,1,5,2.8333333333333335,1,0.9090909090909091
LK5FvTutnMnjli7zh6,2,0.45454545454545453,3,3,0.75,0.6363636363636364
lK5x9EEwnMnp4IdzWe,3.3333333333333335,0,3.8,4.833333333333333,0.5,0.45454545454545453
LO5bQoKGnMnvFuEzpM,4.333333333333333,0,4.4,4.333333333333333,0.5,0.5454545454545454
lO5gbTbqnMnWmEDzNO,0.3333333333333333,1,3.3,0,1,0.9090909090909091
Lp5TLCE1nMnu7oDzpf,3.5,0,3.4,3.3333333333333335,0.5,0.6363636363636364
Lq5DfvuunMnqWI6ztC,1.6666666666666667,0.9090909090909091,2.9,3,1,0.5454545454545454
lQ5gRtYdnMn4NtOzKR,0.3333333333333333,0.9090909090909091,4.8,1.3333333333333333,1,0.45454545454545453
lU5WM2PInMnOQu1zbO,1.3333333333333333,0.7272727272727273,4.3,2,0.75,0.7272727272727273
lV56vICRnMn0DArzmB,0.5,0.9090909090909091,3.2,0.5,0.75,1
LV5won3KnMn9KwTzYm,0.3333333333333333,0.7272727272727273,2.4,0,0.75,0.5454545454545454
lW5cd2MhnMnA2Dazux,0,0.9090909090909091,4.3,0.6666666666666666,1,0.9090909090909091
M55pQCa7nMnLfK9zQS,1,0.7272727272727273,3.2,2.1666666666666665,0.5,0.9090909090909091
Me5E5CjXnMnkEskz6p,1,0.36363636363636365,3.6,3.3333333333333335,0.5,0.5454545454545454
mE5NU4RbnMn98g3zwu,3,1,4.7,4,1,0.8181818181818182
mQ5GvysEnMnQkwLztL,2,0.9090909090909091,3.9,5,0.25,0.8181818181818182
mq5P2IGrnMngsBjzYJ,4,0.2727272727272727,4,3.3333333333333335,0.25,0.6363636363636364
MS5pLd8lnMnAicKzxM,2,0.7272727272727273,2.5,4,0.5,0.7272727272727273
ms5pS7DgnMn4IBWzMX,4.166666666666667,0,3.8,3.8333333333333335,0.25,0.45454545454545453
Mu5EXJ7ynMnthKIzSh,3.3333333333333335,0.5454545454545454,4.7,4.333333333333333,0.75,0.45454545454545453
mV5TPIPYnMnk7YLz7o,0.8333333333333334,0.5454545454545454,4.2,4.5,0.5,0.6363636363636364
mw5kcYXYnMn8xI6zQ4,2,0.8181818181818182,3.2,3,0.25,0.45454545454545453
mY5C9XgHnMnQRBxzur,0.16666666666666666,0.45454545454545453,3.4,2.8333333333333335,0.5,0.7272727272727273
n05RheWtnMn21XTzkk,2.6666666666666665,0.9090909090909091,2.8,3,0.75,0.8181818181818182
N55KNJ0TnMnoK67z30,1,1,4.2,3.8333333333333335,1,0.9090909090909091
n55nBvqVnMnyhiGzt4,2.3333333333333335,0.5454545454545454,3.9,3.5,0.5,0.6363636363636364
nb52amQRnMnbUD4zjF,1.5,0.8181818181818182,3.7,3.5,0.75,0.8181818181818182
Nc5pPjRxnMnqjwYzyA,0.6666666666666666,0.8181818181818182,1.4,0,1,0.6363636363636364
nd5IAww7nMnj1cOzVC,3,0.6363636363636364,3,2.8333333333333335,0,0.6363636363636364
nf56TOHNnMnbUOlzud,0.6666666666666666,0.9090909090909091,2.9,1.1666666666666667,1,0.9090909090909091
Nf5reSfvnMnYjBfzYL,0.16666666666666666,0.8181818181818182,3.4,1.6666666666666667,0.75,0.9090909090909091
NF5S2svOnMnYXhbzBW,2.8333333333333335,0.45454545454545453,3.6,5,0.25,0.8181818181818182
nf5yvmounMn61RezrC,0.6666666666666666,0.9090909090909091,4.5,2.6666666666666665,0.75,0.8181818181818182
nM5Npy2RnMnV9UtzLO,1,1,4,1.5,0.75,1
nm5Y8GoFnMnhPGxzph,2.5,0.45454545454545453,2.8,3,0.75,0.18181818181818182
No5uGJFJnMnh1a6zYQ,3,0.8181818181818182,1.9,3.1666666666666665,0.5,0.7272727272727273
nP50XTSCnMnbnaazgQ,0,0.9090909090909091,4.7,2.5,0.5,0.36363636363636365
ns5bfk42nMntdmrzG0,0.8333333333333334,0.5454545454545454,4,2.8333333333333335,0.75,0.36363636363636365
nt5yqgfYnMn9o3jzPX,1,0.9090909090909091,4.3,3.5,0.25,0.45454545454545453
Nw5NRvA0nMneWJMznR,0.8333333333333334,0.8181818181818182,3.5,1.8333333333333333,1,0.45454545454545453
nw5yXsCanMnTOaezDQ,5,0.6363636363636364,5,4.666666666666667,0,0.45454545454545453
nY548o8lnMnQ2DJzke,3.3333333333333335,0.18181818181818182,3.7,3.5,1,0.6363636363636364
nY5FtqURnMnmIC1zwo,2.8333333333333335,0.6363636363636364,3.8,4.833333333333333,0.25,0.5454545454545454
O65mc494nMnGMpVzdf,1,1,3.2,2.8333333333333335,1,1
O65r37Q8nMnmXXMz0a,0,0.36363636363636365,2.7,0,1,0.9090909090909091
OD5OUjoynMnpyJBzAk,1.5,0.9090909090909091,4.3,5,0.5,0.7272727272727273
of5sjQb8nMnVYpQznw,3.1666666666666665,0.8181818181818182,2.2,4,0.25,0.45454545454545453
oG5IdGAxnMncFPazIr,0.16666666666666666,1,4.3,0,1,0.9090909090909091
Oi5vm9XFnMnuQTxzmt,1.5,0.7272727272727273,3.4,3.3333333333333335,1,0.6363636363636364
OJ57wyiinMnBQcpzck,0,1,4,0,1,0.7272727272727273
oJ5F6uL5nMnfm3OzoQ,1.5,0.5454545454545454,3.9,0.5,0,0.36363636363636365
OO5VC8FxnMnheeOzO2,3.5,0.18181818181818182,2.6,5,1,0.2727272727272727
oq50Wuc3nMnqQ4wzlu,2.8333333333333335,0.8181818181818182,4,5,0.25,0.7272727272727273
oR51iwr3nMnFxiDzWV,3.1666666666666665,0.18181818181818182,2.9,2.5,0.25,0.5454545454545454
oS58IH3dnMnySuvzfN,2.1666666666666665,0.6363636363636364,3.5,2,0.75,0.8181818181818182
os5TWIQSnMnvr6WzVD,2.1666666666666665,0.7272727272727273,3.1,3,0.5,1
Ou58wHr1nMnBls7zkh,1,0.9090909090909091,4,2.3333333333333335,1,1
ow5DVSyInMnIJVmzC9,3.1666666666666665,1,2.1,5,0.25,0.45454545454545453
p05NW7yOnMnWanbzoP,2.3333333333333335,0.6363636363636364,2.9,0.6666666666666666,0.5,0.8181818181818182
P75KyhJEnMnyytDzPL,2,0.7272727272727273,3.5,2,1,0.9090909090909091
Pa5CySIsnMnn7y5zK9,2,0.7272727272727273,3,2.6666666666666665,0.75,0.9090909090909091
pD5LpaOFnMnje7DzAf,3.6666666666666665,0.6363636363636364,3.5,3.8333333333333335,0.75,0.5454545454545454
PE5VresanMnvDFuzKq,0.6666666666666666,0.6363636363636364,3,2.5,1,0.45454545454545453
ph5leUrLnMnpQ01zRk,1.8333333333333333,0.9090909090909091,1.8,1.6666666666666667,0.25,0.8181818181818182
PI57bQ9rnMndpyHztC,2.8333333333333335,0.5454545454545454,3.4,4.5,0.5,0.45454545454545453
PI5Ny86VnMna0sEz0W,1,0.9090909090909091,2.4,0,1,0.7272727272727273
Pl5FoOdEnMnPEIjzqh,1,0.36363636363636365,5,0,0.25,0.36363636363636365
PL5ShRu2nMnucCQzRF,0.3333333333333333,0.6363636363636364,4.7,0.5,0.75,0.9090909090909091
PM5DLaU3nMnyAobzVf,3.6666666666666665,0.36363636363636365,3.5,3.5,1,0.45454545454545453
Pn5hDNginMnbkDNzht,3.6666666666666665,0.5454545454545454,4,3.8333333333333335,0.75,0.45454545454545453
pp50eG2JnMnAB0jzEj,2.6666666666666665,0,2.8,2.5,0,0
PP5FHfNTnMnhspJzWH,0.3333333333333333,0.6363636363636364,2.3,0,0.5,0.45454545454545453
pu56OXk5nMn51nPzHw,3.1666666666666665,0.18181818181818182,3.5,3.3333333333333335,0.25,0.5454545454545454
PU5iWOhunMnG5NczCu,4,0.2727272727272727,3,4.5,0,0.36363636363636365
Pu5Sb1FfnMnXJyxzvu,2.8333333333333335,0.5454545454545454,4,4.666666666666667,0.25,0.8181818181818182
pW5F6sxFnMnIWOxzPk,5,0.9090909090909091,3.7,5,0.5,0.7272727272727273
PY5mSO4gnMnn9MIzao,1.6666666666666667,0.45454545454545453,3.6,3.1666666666666665,0.5,0.36363636363636365
q15XBruBnMnk340zKe,2.1666666666666665,0.7272727272727273,4,3.1666666666666665,0.75,0.45454545454545453
q85HVM2enMnqgHVzcM,1,1,1.5,2.8333333333333335,1,0.8181818181818182
Q85jxV5QnMniXqkze9,2.8333333333333335,0.45454545454545453,3.7,3,0.5,0.5454545454545454
Qb5wObFFnMncg7VzQw,5,0.7272727272727273,1.7,5,0.25,0.5454545454545454
qC5HuHG2nMnDppFzgH,0.6666666666666666,0.5454545454545454,3.9,1.3333333333333333,0.75,0.8181818181818182
qe5aM1qhnMnCV51zSs,3.3333333333333335,0.18181818181818182,3.5,3.3333333333333335,1,0.45454545454545453
Qe5xhej6nMnVfPQzGJ,1.8333333333333333,0.8181818181818182,2.9,3.1666666666666665,0.5,0.36363636363636365
qf5m2LfCnMn3jGXzEp,0.5,1,3.7,0,1,0.8181818181818182
qf5QId6NnMns3sFzRN,2,0.7272727272727273,3,1.8333333333333333,0.5,0.7272727272727273
QG5lUJDpnMnFqa6zb4,2.3333333333333335,0.18181818181818182,1.7,5,0.5,0.18181818181818182
Qh5uohmbnMnwyUVz7C,4.333333333333333,0.5454545454545454,4.1,3.3333333333333335,0.25,0.5454545454545454
qj5ISuaDnMnca0Jznr,0,0.6363636363636364,5,2,1,0.6363636363636364
QJ5sfdCRnMngopxzBL,4.5,0.09090909090909091,4.5,4.5,1,0.5454545454545454
qn5mJNECnMnFO4rzWe,0.16666666666666666,0.6363636363636364,4.3,1.1666666666666667,1,0.8181818181818182
QO5r9P8xnMnkolrzFH,0.5,0.2727272727272727,0,0,0.75,0.6363636363636364
qP52ONXwnMnsOuuzYd,2.6666666666666665,0.18181818181818182,3.6,4,1,0.5454545454545454
QQ5SGGlLnMnN9uvzIJ,0.6666666666666666,0.9090909090909091,4,3.6666666666666665,0.25,0.7272727272727273
qU5WhqvgnMnXgYRzC4,1.6666666666666667,0.9090909090909091,3.6,0.16666666666666666,1,0.9090909090909091
qv5me41lnMnwBooz7a,4.333333333333333,0,3.7,4,1,0.45454545454545453
Qv5uPmuVnMn1tyFz4i,2,0.45454545454545453,3.1,2.8333333333333335,0.5,0.5454545454545454
qW5HJ0m4nMnLOXRzNG,0,0.8181818181818182,4.4,1.5,1,1
Qx53dGTXnMnJCcSzC0,2,0.09090909090909091,4.2,2.6666666666666665,0.5,0.18181818181818182
qX5sM2I7nMntDACzSj,2.5,0.45454545454545453,2.4,2.3333333333333335,0.75,0.5454545454545454
QY5CEliAnMn5OG2ztv,1,0.7272727272727273,4.8,0,1,0.6363636363636364
Qy5SPXmInMn1xDizfF,1,0.7272727272727273,1.8,2,1,0.5454545454545454
Re5NamyLnMnCsR8z0G,0.3333333333333333,0.9090909090909091,4.6,2,0.75,0.6363636363636364
RE5xCTGdnMnNr8SzKi,2.6666666666666665,0.36363636363636365,4.5,5,0,0.45454545454545453
rK5KGEXlnMnAi2Dzo3,1,0.8181818181818182,5,3.6666666666666665,0.75,0.7272727272727273
rL5CG7oLnMnQlulzTI,0,0.8181818181818182,1.2,0,1,0.6363636363636364
rm5BqtVBnMnseM3zeU,2.6666666666666665,0.18181818181818182,2.4,2.5,1,0.36363636363636365
rO5KLmGnnMnR71iz0U,2.6666666666666665,0.8181818181818182,4,4,0.75,0.9090909090909091
Rp5djlk9nMnjOqfzcO,2.3333333333333335,1,4.6,0,0.5,0.8181818181818182
RR5tLY7QnMnWpYYzwh,2.5,1,3.9,3.1666666666666665,0.5,0.36363636363636365
rs5JMD08nMnhEC9zLf,1.6666666666666667,0.9090909090909091,3.6,1,0.5,0.7272727272727273
Rt5eXeXInMnV76HzAu,0.5,0.5454545454545454,4.7,0.16666666666666666,1,1
Rv5MOdWdnMnHAM3z4N,2.6666666666666665,0.18181818181818182,3.8,5,0.25,0.45454545454545453
rX5EhDHYnMnnopjzo1,1.3333333333333333,0.8181818181818182,5,0,1,0.9090909090909091
SF54y2oqnMncncUzEg,1.1666666666666667,0.6363636363636364,4.1,0.5,1,0.7272727272727273
sF5Vnmi2nMn0sMezhv,0.16666666666666666,0.5454545454545454,3.3,2.3333333333333335,1,0.8181818181818182
Sh5Mey9TnMn7jbDzWp,2.1666666666666665,0.6363636363636364,2.8,2,0.5,0.45454545454545453
sj5jD2SenMn3MlGzyM,1.3333333333333333,0.9090909090909091,3.2,1,0.25,0.9090909090909091
sK5fyt10nMnjkSwz0L,1.8333333333333333,0.9090909090909091,4.1,0.16666666666666666,0.75,0.9090909090909091
sM5lSD8snMn0dkezNa,2,0.6363636363636364,3,0,0.5,0.9090909090909091
SM5ripTGnMnVk9szK2,0,0.8181818181818182,2.5,0.8333333333333334,0.5,0.36363636363636365
SO5EfbCLnMn4LexzC8,3.6666666666666665,0.09090909090909091,3.5,3.6666666666666665,0.25,0.6363636363636364
SO5WIrk3nMnvo56z5e,0.6666666666666666,0.36363636363636365,2.5,2.3333333333333335,0.75,0.6363636363636364
sp5DHODwnMn71XFzpl,0,0.7272727272727273,3.9,3.1666666666666665,0.75,0.45454545454545453
sp5NNXvRnMn27X4zMT,1.6666666666666667,0.2727272727272727,3.5,3.1666666666666665,0.5,0.6363636363636364
Sw5QMY4CnMnDJcpzdG,1.6666666666666667,0.9090909090909091,4,0,0.75,0.9090909090909091
t057FD8pnMn9s5xzVW,2.5,0.18181818181818182,2.7,2.6666666666666665,0,0
t15WVmnjnMn3fLCzC9,1.5,0.9090909090909091,3.6,0,1,0.8181818181818182
T45OdUunnMnwhDLz8S,3.3333333333333335,0.8181818181818182,4.7,4.833333333333333,1,0.6363636363636364
TI5WEWOFnMnaRGLzEh,0,0.8181818181818182,4.7,0.16666666666666666,1,0.8181818181818182
TJ5PG0plnMnFsDazoC,2,0.5454545454545454,4,3.1666666666666665,0.75,0.36363636363636365
tj5wxvJlnMnJ1nTzkE,2.3333333333333335,0.36363636363636365,2.9,1.6666666666666667,0,0.45454545454545453
tk5qfRCLnMnWI5Rzkc,0.8333333333333334,0.9090909090909091,3.9,1,0.75,0.9090909090909091
tm5Ea5TBnMnnOLIzPB,1.3333333333333333,0.9090909090909091,3.4,1.3333333333333333,1,0.8181818181818182
Tp52nMSonMnLBpDzpO,0.5,1,4.5,0,0.75,0.8181818181818182
tp5elp1cnMn9KeVzyl,0.3333333333333333,0.5454545454545454,2.4,4,0.5,0.45454545454545453
tq5iJOHqnMnnLhIzil,1.5,0.8181818181818182,4,2,0.75,0.9090909090909091
TR5Wa1jcnMnanVDzPw,2,0.5454545454545454,3.6,3,0.5,0.18181818181818182
tT5cuaSRnMnXeegzeB,3.5,0.6363636363636364,0,5,0.25,0.7272727272727273
tU5mFtyHnMn36boz0D,2,0.5454545454545454,3,0,0.75,0.7272727272727273
tx5iAohFnMncO5Dzjg,3.3333333333333335,0,2.6,2.1666666666666665,0,0.36363636363636365
U35E7drbnMnaDKUz83,1.5,0.8181818181818182,1.4,2.3333333333333335,0.75,0.6363636363636364
u55uuQ7OnMnvxOKzno,1,1,3.4,0.6666666666666666,1,0.9090909090909091
UD58LFn7nMnfYR2zhu,1.3333333333333333,0.9090909090909091,3.8,1,0.75,1
uE5SMG6cnMnfoWgzI8,2.3333333333333335,1,3.7,2.6666666666666665,0,0.45454545454545453
uH52qhC8nMnNTbezvf,4,0.09090909090909091,3.7,3.6666666666666665,0.75,0.36363636363636365
Ui57GrXJnMnVcrNzEq,2,0.18181818181818182,3.8,3.1666666666666665,0.25,0.18181818181818182
Ui5bEIx8nMnlvLlzJ4,3.1666666666666665,0.09090909090909091,3.2,3.3333333333333335,0.25,0.7272727272727273
UK5GMHgbnMncMobzqA,2,0.7272727272727273,3,2.5,1,0.7272727272727273
uk5XlH23nMnmtYBz4W,1.6666666666666667,0.7272727272727273,3.7,0,1,0.8181818181818182
ul53sWSKnMn1aL2zw6,0,1,5,0,1,0.9090909090909091
UM56DxlDnMnMyO7zyU,2.8333333333333335,0.45454545454545453,2.4,5,0,0.36363636363636365
UR59HXhrnMn5pQTzao,0.5,0.6363636363636364,3.2,4,0.5,0.5454545454545454
ut5UcMXinMn3omdzGT,3,1,1.4,0,0.5,0.7272727272727273
UU5l33uSnMnQlg9zQo,0.6666666666666666,0.9090909090909091,2.8,0,1,0.8181818181818182
uv5rIX4YnMnHELFzkd,3.3333333333333335,0.45454545454545453,2.9,3.1666666666666665,0.25,0.2727272727272727
uW5FUK74nMnArXnzYx,1.6666666666666667,1,3.4,0,1,1
Uw5R2coHnMnSqk7zNg,2,0.6363636363636364,5,3.1666666666666665,1,0.9090909090909091
uX5uBefenMnqJn2z0A,4.5,0.18181818181818182,4.1,4.833333333333333,0.5,0.36363636363636365
Ux5WOfl8nMnuiCczFq,1,1,3.3,0.5,1,1
V158BM36nMny8mYzaq,1.6666666666666667,0.36363636363636365,2,0.8333333333333334,0.5,0.6363636363636364
v15mJanKnMnSiDbzu6,4,1,4.2,3,1,0.7272727272727273
v25e0NDdnMnQE6uzwG,1.8333333333333333,0.8181818181818182,3,2.1666666666666665,1,0.9090909090909091
V45rseSgnMnkfYpz0n,0.16666666666666666,1,4.7,0.16666666666666666,1,1
v550pkxInMn8JYPzM8,2.1666666666666665,0.36363636363636365,4,3.8333333333333335,0.75,0.45454545454545453
VB5pXVtknMny8MfzUC,2.3333333333333335,0.9090909090909091,4.7,2,0.5,0.8181818181818182
VB5SrDuNnMnscuazDo,4.166666666666667,0.36363636363636365,4.4,4,0.25,0.45454545454545453
Vd5wVQTUnMnTfbXzsu,0.16666666666666666,0.9090909090909091,4,0,1,1
VH5bHDx8nMncN0IzxU,0.6666666666666666,0.9090909090909091,4,2.5,1,0.8181818181818182
VI5drQ70nMnAxt7zBj,2,0.18181818181818182,3,0,0.5,0.18181818181818182
vJ5OdPkDnMnUJ4EzQH,1.1666666666666667,0.8181818181818182,2.7,0,1,0.9090909090909091
vj5QOOXbnMni3c3zw1,1.3333333333333333,0.9090909090909091,3.2,2.8333333333333335,0.5,0.5454545454545454
VJ5Ye88AnMnwDAizuI,1.3333333333333333,0.9090909090909091,4.6,2.1666666666666665,0.75,1
vl5q7vLanMnsYTYzSY,1.1666666666666667,0.6363636363636364,3.5,2.1666666666666665,0.75,0.5454545454545454
vN5lHIVFnMnyOfDzsI,2,0.6363636363636364,4.1,5,0.25,0.7272727272727273
VN5vgdaBnMnau0IzXq,0.3333333333333333,0.9090909090909091,3.5,0,0.75,0.9090909090909091
Vq50ct11nMn37AYzMJ,2.6666666666666665,0.8181818181818182,3.4,1.3333333333333333,0.75,1
vq59U1T6nMno0Q0zla,3.5,0.2727272727272727,3.4,2.8333333333333335,0,0.36363636363636365
VQ5OBQ3inMnWqX8zdv,0.8333333333333334,1,3.3,5,1,1
VQ5trokPnMnmbmnzSy,2.1666666666666665,0.7272727272727273,3.6,0.6666666666666666,0.75,0.8181818181818182
VS5Pdyk2nMn7PJ5zAg,0.5,0.6363636363636364,3.2,3.5,1,0.8181818181818182
vt55eTYanMnraQ5zjV,1.5,0.5454545454545454,3.6,2,0.75,0.9090909090909091
vW5ipRN7nMnuNIxzRo,0,0.5454545454545454,5,5,0.75,0.6363636363636364
Vy5LNtAYnMnAllvzUV,4.166666666666667,1,3.1,5,0.25,0.45454545454545453
W25lTDmbnMnkH19zhG,3.3333333333333335,0.45454545454545453,2.9,4.5,0,0.18181818181818182
w95Itm7tnMnUETlzxs,0.8333333333333334,0.8181818181818182,4.3,2.1666666666666665,1,1
wB5P5EHXnMnMGyRznv,0.16666666666666666,0.5454545454545454,4.4,1.6666666666666667,0.5,0.8181818181818182
wC5IlIJYnMnH83Hzbp,2.1666666666666665,0.9090909090909091,4.1,4,0.25,0.6363636363636364
we5yxGAEnMnHRa4zWx,1.8333333333333333,0.9090909090909091,3.2,3,0.75,1
wJ51XIrNnMnPaTMzxr,0,0.9090909090909091,3.2,1.8333333333333333,0.75,0.9090909090909091
wJ5EutLpnMn3c1LzuE,1.1666666666666667,0.8181818181818182,3.1,3,0.75,0.9090909090909091
wm56SUhlnMnotaDzG7,2,0.45454545454545453,3,2.8333333333333335,0.25,0.36363636363636365
wN5yu8T2nMnLtcFziN,1.3333333333333333,0.7272727272727273,3.5,1.3333333333333333,0.75,0.7272727272727273
wo5cPqJqnMn2FhTzMo,3.1666666666666665,0.7272727272727273,4,3.6666666666666665,0.5,0.36363636363636365
wQ5mulnFnMne8fUzrC,3.1666666666666665,0.2727272727272727,3.1,3,1,0.2727272727272727
WR5QjVmRnMnXaOnzv8,0.16666666666666666,0.8181818181818182,3.1,0.5,1,0.5454545454545454
WT5596QqnMnVxhGzwv,0.5,0.7272727272727273,4.1,4.333333333333333,1,0.9090909090909091
WV5DXsoUnMnGVohzFq,2.1666666666666665,1,2.9,0,0.5,0.45454545454545453
WW5CCauDnMnusXvzyQ,1.6666666666666667,0.6363636363636364,3.2,0,1,0.7272727272727273
WW5hWtfRnMnFkNIzYN,1.6666666666666667,1,3.2,3.1666666666666665,0.75,0.9090909090909091
WW5WO69WnMnYUAxz4h,0.16666666666666666,0.8181818181818182,4,0.16666666666666666,1,0.8181818181818182
Wx58a4D5nMnqtjqznJ,1.5,1,2.4,0,0.75,0.7272727272727273
Wx5dMstunMntgbiz7m,1.8333333333333333,0.6363636363636364,3.5,2,0.25,0.5454545454545454
X35tMvuPnMnUs9azlx,0.3333333333333333,0.9090909090909091,4.2,1.8333333333333333,1,0.8181818181818182
X55bMeLunMn5d67zCi,3.8333333333333335,0.7272727272727273,3,5,0,0.5454545454545454
X75rgW0XnMnrKkdzAe,2,0.7272727272727273,4,3.6666666666666665,1,0.7272727272727273
Xa5lYUd2nMn5obszt5,2.3333333333333335,0.9090909090909091,3,1,0.25,0.36363636363636365
xb5nAyM5nMn0fAEzcr,0.5,0.8181818181818182,4.2,1,1,0.6363636363636364
xE505y4unMnMS8wzSG,0,0.09090909090909091,5,3.3333333333333335,1,0.18181818181818182
Xi56wfERnMn7AiozUT,4.166666666666667,0,4,4.166666666666667,0.5,0.8181818181818182
xi5dBlYUnMnPHSez7Y,1,0.6363636363636364,4.5,2.6666666666666665,0.75,0.5454545454545454
xl5ftHNenMnjb6ozfK,1.8333333333333333,0.7272727272727273,3.1,1.3333333333333333,0.75,0.7272727272727273
XN5sTt2xnMnAPNQzxM,3.3333333333333335,1,3.5,4.5,0.5,0.6363636363636364
XP5M8N6nnMndLr7zr6,1,0.6363636363636364,2.9,4.333333333333333,0.75,0.6363636363636364
xT5uQ9QknMn7jNPzG4,1,0.8181818181818182,2.5,1.8333333333333333,0.5,0.8181818181818182
y25qOTeOnMnmLPsz3U,3.1666666666666665,0.2727272727272727,4.1,3.5,0.5,0.18181818181818182
Y55w7LMwnMnatL6zyr,0.6666666666666666,0.7272727272727273,3.2,1.8333333333333333,0.5,0.6363636363636364
y65131R3nMn6fF2zJI,0.8333333333333334,0.8181818181818182,4.2,0,0.75,0.9090909090909091
y65wJQ00nMnj9Ebzpt,1.6666666666666667,0.6363636363636364,3.2,0.5,1,0.6363636363636364
Y85TKHudnMnojXVz5v,1.1666666666666667,0.45454545454545453,3.9,4,1,0.6363636363636364
Yb5f6JdrnMncawYzcI,0.6666666666666666,0.18181818181818182,3.1,2.1666666666666665,1,0.6363636363636364
Yc5SsTrenMnlHngzRk,0.5,0.36363636363636365,2,5,0.75,0.5454545454545454
yD5L7jHNnMnnkDPztN,3.5,0.18181818181818182,3.5,3.5,1,0.5454545454545454
yd5w0OItnMnoMG8zJv,1,1,3.8,0,0.75,0.9090909090909091
Yf56lNc3nMnICFvzxm,2.3333333333333335,0.8181818181818182,2.6,3.1666666666666665,0.75,0.45454545454545453
Yf5eUDcAnMnBBGbzHK,0.5,0.5454545454545454,3.6,0.6666666666666666,0.5,0.9090909090909091
yI5dFdi6nMnwAUqzia,2.3333333333333335,0.9090909090909091,2.9,5,1,1
yI5RHgTpnMnHeTwzxv,0,0.8181818181818182,3.9,2.1666666666666665,1,0.8181818181818182
YJ5tLHn5nMnTw0kzUn,2,0.6363636363636364,3.1,3.1666666666666665,0,0
yq5XMJILnMnsPKUzu3,0.5,0.9090909090909091,3.9,2,0.5,0.7272727272727273
yR57jsU7nMnkyR2zF7,0.6666666666666666,0.5454545454545454,4.6,2.3333333333333335,1,0.6363636363636364
Yr5BnGPLnMn6aRFzPY,2,0.7272727272727273,3.2,1,1,0.9090909090909091
yr5dvb03nMntwtVzmw,1.8333333333333333,0.9090909090909091,3.5,3.3333333333333335,0.5,0.7272727272727273
YR5kviVXnMnnJG0zok,3.3333333333333335,0.18181818181818182,3.7,3.1666666666666665,0.5,0.7272727272727273
YU5VYRFinMnBrIOz2H,1,0.18181818181818182,3.3,2.8333333333333335,0.5,0.2727272727272727
